creator_id,creator_size,subscribers
CH_000ArmGamer000,small,317
CH_10_DEGREE_INDIAN_FAC,small,42998
CH_1in_am_LIVE,small,8398
CH_1ë_ë_ë_ì_,small,27511
CH_24_SOAT_TV,small,9227
CH_385idÃ_al,small,19643
CH_47ì_êµ_ë_ì_í_,small,5452
CH_4KEUS_GVNG_OFFICIEL,medium,272913
CH_5_Minute_Crafts,medium,1142995
CH_911_BTS,small,3004
CH_ABN_Telugu,small,31094
CH_ABP_Sanjha,small,30328
CH_AFD_Television,small,1334
CH_AFRICAFILMStv,small,2749
CH_AFTER_FOOT,small,1448
CH_AF_FOOTBALL,small,9221
CH_AKHERLAHZA,small,8311
CH_ATV_Cinema,small,2666
CH_Abdelmonaim_BOUSSENN,small,1499
CH_About_Fashion,small,10826
CH_AcademeG,medium,416113
CH_Acunn_com,medium,377112
CH_Acustik_Media,small,618
CH_Adam_Whitley,small,108
CH_Adda247_Official_Cha,small,4014
CH_Addis_Neger,small,10037
CH_AdÄ_Zehra,small,822
CH_AdÄ_nÄ_Sen_Koy,small,24708
CH_AidenCook,small,7770
CH_Alan_Walker,medium,467872
CH_Aldo_MuÃ_iz_Estudio,small,195
CH_Alex_Boyko,small,39885
CH_Aliotop,small,23464
CH_Alis_Channel,small,978
CH_Amaravathi_Media,small,8396
CH_America_Hoy,small,24789
CH_Americas_Disinformat,small,2681
CH_AmiG_Show,small,20689
CH_Amir,small,2810
CH_Amo_la_Musica,small,872
CH_Anatomy_of_a_Fighter,medium,250091
CH_AniDuckStudio,small,6192
CH_Ankur_Narula_Ministr,small,3527
CH_Anton_Lewise,small,5936
CH_Arazhul,small,33589
CH_Ariann_Music,small,12012
CH_AshStudio7,medium,253850
CH_AxoSkill,small,8860
CH_Azuul_Smith,small,2061
CH_BDODarts,small,7799
CH_BEAUTY_NEWS,small,9478
CH_BEST_OF_CULTES,small,8526
CH_BLACKPINK,medium,661661
CH_BNADEM,small,6748
CH_BRICO_SYMPA,small,555
CH_BRIG_man,small,6618
CH_BTS_BEING_BTS,small,13158
CH_BULLSEYE,small,8820
CH_BagaBoom,small,7211
CH_Bahtiyar_Ã_lmez,small,34096
CH_Bar_,small,1577
CH_BerlinKÃ_lnInfo,small,1299
CH_Berlin_Tag_Nacht,small,46714
CH_Berlin_Tag_Nacht_KÃ_,small,383
CH_Bessy_Dressy,small,2277
CH_Big_Soto_Eleuce,small,13258
CH_Binging_with_Babish,medium,579501
CH_Black_Pigeon_Speaks,small,10348
CH_Blossom,medium,2007272
CH_BobCat_Ð_Ð_,small,15962
CH_Bocholter_Landschwei,small,473
CH_Botschaft_des_Islam,small,2625
CH_Broilers,small,23380
CH_BuzzFeedBlue,medium,1916604
CH_CABALLERO,small,2903
CH_CLIQUE,small,3922
CH_CLNEWS,small,270
CH_CNBC,small,17699
CH_CNET,small,9325
CH_CNEWS,small,1083
CH_CNN,medium,311351
CH_Campechaneando,small,8490
CH_CanalOficial_Mhonivi,small,5999
CH_Canal_666_AntÃ_tesis,small,262
CH_Canal_MormÃ³n,small,17651
CH_Carli_Bybel,medium,268688
CH_Carolina_Ross,small,2521
CH_CaseyNeistat,medium,719523
CH_Channel_FNews,small,2946
CH_Charlie_Puth,medium,854646
CH_Chiivas_,small,6741
CH_Chocolate_Cacao_ã_ã_,small,14144
CH_Chris_Smoove,small,36746
CH_Chris_Tyson,small,12090
CH_Cine_Hd,small,6253
CH_Cinerds,small,318
CH_Clash_Royale,large,29178628
CH_Clau_Reads_Books,small,2685
CH_Claudipia,small,12371
CH_Clevver_Style,medium,311117
CH_Clixoom_Science_Fict,small,3400
CH_ClusterVisionMach2,small,479
CH_Coach_SÃ_an_Garnier,small,4048
CH_CollegeHumor,small,29600
CH_Comment_Awards,small,34135
CH_ConCrafter_LUCA,medium,250417
CH_Conor_Maynard,medium,1383466
CH_Cow_Chop,small,11467
CH_CrazyRussianHacker,small,39645
CH_Crown_Records,medium,771417
CH_Crusher_Mx,small,6748
CH_Cruz_Azul_Maquina_Ce,small,358
CH_CuÃ_ntamelo_YA_,small,5919
CH_DAHIYA_FILMS,medium,256408
CH_DAKARBUZZ_TV,small,1783
CH_DEREK_WWE_EN_ESPAÃ_O,small,370
CH_Daddy_Yankee,large,334912050
CH_Damla_Official,small,8193
CH_DaniFut,small,4111
CH_DeGoBooM,small,5913
CH_DekoideenReich,small,2974
CH_Dennis_Stefania,small,2061
CH_Der_Doktorant,small,3242
CH_Desi_Perkins,medium,339315
CH_Destroying_the_Illus,small,8191
CH_Desus_Mero,small,1359
CH_Diana_Suvorova,small,9306
CH_Die_drei_Fragezeiche,small,895
CH_Dilan_Video,small,566
CH_Dinge_ErklÃ_rt_â_Kur,small,6560
CH_Diplo,medium,614490
CH_DisneyMusicLAVEVO,small,468
CH_DogmasFour,small,13270
CH_Domino_s_Ligue_2,small,1131
CH_DramaAlert,medium,919240
CH_Dream_Perfect_Regime,small,30028
CH_DunkCity,small,21883
CH_DylanJT_123,small,1636
CH_EL_ALBOROTO_DE_LOS_F,small,893
CH_EMS_Nordschleife_TV,small,2195
CH_ETV_Andhra_Pradesh,small,6729
CH_Edd00chan_MrDsaster_,small,20556
CH_El3araf_Ø_Ù_Ø¹Ø_Ø_Ù_,small,15610
CH_ElChismosogro_Futbol,small,2200
CH_El_Nopal_Times,small,5629
CH_El_hombre_EscÃ_ndalo,small,247
CH_El_otro_enfoque_digi,small,10704
CH_Elhiwar_Ettounsi,small,11125
CH_Elif_Dizisi,small,5278
CH_Elli_Schramm,small,601
CH_Elven_King_Life,small,5100
CH_EminemVEVO,large,29249882
CH_Emm_Pee,small,10367
CH_EnamorÃ_ndonos,small,5335
CH_Entertainment_Circle,small,16706
CH_Equidia,small,662
CH_Erichsen,small,335
CH_EsChouw,medium,271489
CH_Esporte_Interativo,medium,256067
CH_EvRosTV,small,18727
CH_EverythingApplePro,small,34071
CH_EvgeniNEWS,small,1742
CH_ExileShow,small,26489
CH_Exopolitik,small,630
CH_FANNY_J_MUSIC_TV_OFF,small,5037
CH_FOOTBALL_MINDS,medium,660414
CH_FOX_Sports_MX,small,618
CH_FROMSOFTWARE,medium,283437
CH_FaZe_Rug,medium,986962
CH_Faktastisch,small,6829
CH_FeelFIFA,small,19633
CH_FifaGoalsUnited,small,5809
CH_FiftyShadesVEVO,large,14570370
CH_Film,small,2186
CH_FilmiBeat,small,10849
CH_Fleur_DeForce,small,10821
CH_Flomd_group,small,9067
CH_FlorenceMachineVEVO,small,38924
CH_Florencia_Deffis,small,535
CH_Flowers_TV,small,24206
CH_Food_Wishes,small,11322
CH_Footballerei,small,393
CH_Forgotten_Weapons,small,24451
CH_Fred_l_Apiculteur_Ex,small,231
CH_Frederic_Delavier,small,1137
CH_FrediLeisVEVO,small,472
CH_FullTimeDEVILS,small,11461
CH_Fut_Anime,small,2841
CH_Futbulco_4K_Ù_Ø_Ø_Ù_,small,34635
CH_GMTV,medium,393863
CH_GOLAZO_TV,medium,1188799
CH_Gabriel_HD,small,5595
CH_GameGrumps,small,21507
CH_Game_Live_News,small,3633
CH_German_Truck_Driver,small,2777
CH_Global_News,small,1835
CH_Guillaume_Pley,small,3293
CH_GussDx,small,9649
CH_HINSTORES_channel,small,240
CH_HLC_MEDIA,small,401
CH_HSM2k2,small,2923
CH_HandOfBlood,small,29486
CH_Hassan_El_Fad_Ø_Ø³Ù_,medium,381943
CH_Havana_Express,small,15164
CH_Hayot_Uz,small,2383
CH_Heopop_í_í_,small,14426
CH_HervÃ_Cuisine,small,1111
CH_Hevesh5,medium,710733
CH_Hiba_TV,small,19969
CH_Hidmona_Tv,small,2210
CH_HisSable_Majesty,small,848
CH_HopeAnimation,medium,497464
CH_Houzairou,small,1598
CH_HowToBasic,medium,934445
CH_How_To_Cake_It,small,30468
CH_Hueva,small,6491
CH_ILYA_STREKAL,small,32097
CH_IMediaShows,medium,304588
CH_Ikram_Bellanova,small,31963
CH_ImagineDragonsVEVO,medium,353802
CH_Imke_Riedebusch,small,1057
CH_Indie_Arts_Kenel,small,7854
CH_Interesting_Facts_DE,small,9445
CH_Isa_Marcial,small,11656
CH_Islam_Badurgov,small,9525
CH_JERYKO,small,8387
CH_JR_S,small,725
CH_JV_BR_PB,small,6446
CH_JacoboWong,small,2458
CH_Jauja_Cocina_Mexican,small,4453
CH_JavierPozaenFormula,small,7285
CH_Jay_Colindres,small,1439
CH_Jo_Conrad,small,3909
CH_Joe_Santagato,medium,435962
CH_Julianna_La_Reina_de,small,1291
CH_KBSKpop,small,48380
CH_KG_TUBE_MEDIA_CHANNE,small,6975
CH_KID_METAL,small,9503
CH_KIKONUTINO,small,4929
CH_KINGS_DEL_WEPA,small,40775
CH_KOFSVEVO,small,15546
CH_KREOSAN,medium,535247
CH_KTV_BREAKING_NEWS,small,7704
CH_KairaliOnline,small,33736
CH_KanalD,small,8878
CH_KavkazTube_Channel,small,2022
CH_Keeping_up_with_Los_,small,691
CH_Kick11,small,25359
CH_KinoMan,small,726
CH_Kirill_Astashov,small,384
CH_KisabacLusamutner,small,3396
CH_Komissarov_DS,small,15191
CH_Kristoff_Raczynski,small,4174
CH_Kumapa,small,11560
CH_LALA_MÃ_xico,large,17881544
CH_La_Caravana_del_Mist,small,2150
CH_La_Gran_Carpa_Catedr,small,751
CH_La_Ruta_de_la_Garnac,small,5710
CH_LadyGagaVEVO,medium,1252293
CH_Ladylike,medium,459951
CH_Lartiste_Officiel,medium,633671
CH_Late_Night_with_Seth,medium,916180
CH_Le_MÃ_dia,small,741
CH_Leo_Kast,small,608
CH_Les_As_de_la_Jungle,small,2343
CH_Ligue_Clubiste_TV1,small,4579
CH_Lindsey_Stirling,small,29661
CH_Linus_Tech_Tips,small,27706
CH_Little_Blossom_JM,small,12432
CH_Liza_Koshy_Too,medium,1220264
CH_Lokdhun_Punjabi,medium,1543274
CH_Lonepsi,small,2278
CH_LuoKho_Animation,small,27584
CH_M0rf,small,1594
CH_M2,medium,269742
CH_MEVO_Films,small,4537
CH_MLG_Highlights,medium,401964
CH_MadisonBeerMusicVEVO,medium,526701
CH_Mahan,small,4083
CH_Mahendra_Guru_Online,small,6466
CH_Mali_24,small,1998
CH_Mana_Health_And_More,small,2954
CH_Manny_Mua,medium,1246890
CH_Manorama_News,small,13338
CH_Margarita_Muradova,small,3772
CH_Marie_S_Infiltre,small,4419
CH_MarkAngelComedy,small,38506
CH_Mark_Dice,small,36246
CH_Markey,small,5162
CH_MarÃ_a_LeÃ³n,small,780
CH_Maxildan,small,4255
CH_Mazhavil_Manorama,small,25637
CH_Me_Zemer_Te_Hapur,small,725
CH_Mezcladito_07,small,509
CH_Michael_Buchinger,small,1438
CH_Michelle_Danzinger,small,1658
CH_Miki,small,9120
CH_Military_Update,small,11246
CH_Mnet_K_POP,medium,522543
CH_MoreZoella,medium,560057
CH_Motion_Frames,small,1918
CH_Movieclips_Trailers,small,25459
CH_MrWissen2go,small,11059
CH_Mr_Ideas,small,2566
CH_MundoManitas,small,987
CH_Mundo_Desconocido,small,16822
CH_Murari_Ki_Kocktail,medium,264099
CH_Muse,small,18940
CH_NAVI_Dota_2,small,10689
CH_NDEKO_ELIEZER_TOKOKO,small,5672
CH_NEWS,small,5971
CH_NEWS_HD,small,450
CH_NFL,small,2884
CH_NIROM_à_à_à_¾à_à_,small,34200
CH_NPBã_ã_ã_,small,26818
CH_Nadia_Ustinova,small,754
CH_Natalie_Perez,small,471
CH_NativeHorses_on_tour,small,1727
CH_Nefis_Yemek_Tarifler,small,2647
CH_News7_Tamil,small,2217
CH_News_18_Tamilnadu,small,24604
CH_News_Studio,small,20822
CH_Nex_Noticias,small,962
CH_Next9news_à_à_à_à_ªà,small,44022
CH_Nickelodeon_Deutschl,small,4904
CH_NicsterV,small,3905
CH_NikkieTutorials,medium,682729
CH_Nollywoodpicturestv,small,5989
CH_Nova_BoX_Televizija,small,27022
CH_NyCyLa,small,1339
CH_Obama_Foundation,small,7364
CH_Okay_africa,small,37453
CH_Olympique_et_lyonnai,small,228
CH_Om_TV,small,11169
CH_On_the_bench,small,902
CH_One_Love_One_People_,small,2512
CH_One_Piece_Theoretike,small,3632
CH_Open_Road_Films,medium,1524374
CH_Operaciones_Especial,small,1409
CH_Oraciones_en_video,small,16605
CH_Oum_Walid,small,32040
CH_Ozuna,medium,838555
CH_PERIODISMO_LIBRE_Y_A,small,7698
CH_PI_WAN,small,6258
CH_Pablo_Zarate,small,730
CH_Paris_Match,small,481
CH_Paris_Videostars,small,23654
CH_ParÃ_ntesis_com,small,434
CH_Peaceful_Cuisine,small,8574
CH_Pedro_Angeles,small,2625
CH_Pepe_Aguilar,small,1105
CH_Phil_Laude,small,7308
CH_Pikini_Production,small,4333
CH_Poisson_FÃ_cond,small,44735
CH_PolitRussia,small,3658
CH_Poppy,medium,429337
CH_PopularMMOs,small,38341
CH_Portugal_The_Man,small,38167
CH_Poseidon,small,1726
CH_Potins_net,small,803
CH_Pr_Rachid_Eljay_chai,small,602
CH_Producciones_Pegasso,small,371
CH_Promiflash,small,4001
CH_Promy_news,small,4428
CH_Proyecto_Puente,small,5448
CH_Public_TV_à²ªà²_à³_à,small,6580
CH_QAZINAK,small,7767
CH_Quiero_Cupcakes_,small,7005
CH_REACT,small,39792
CH_RT_Deutsch,small,327
CH_Rachel_Maddow_Fan,small,21261
CH_Rachel_and_Jun,medium,592886
CH_Radio_Chada_FM,small,6817
CH_RaeSremmurdVEVO,medium,900182
CH_Raffy_Tulfo_in_Actio,small,15587
CH_Ramez_Galal,medium,1908295
CH_RapNews,small,6623
CH_Rapid_Highlights,medium,271375
CH_Raptors_HQ,small,4800
CH_Reality_Mex,small,3938
CH_Rebel_Media,small,991
CH_RedSama,medium,295121
CH_Remik_GonzÃ_lez_664,medium,295027
CH_RespectLife,small,6729
CH_Reve_Compulsif,small,1562
CH_Rhematv_Live,small,1400
CH_Ripple_S,small,23255
CH_Ro_Dar_Ro_Family_Feu,small,1883
CH_Rooster_Teeth,small,34728
CH_Rote_Rosen_Official,small,1570
CH_Rublo,small,9471
CH_Ruhrpottwache,small,7993
CH_RÃ_volution_Permanen,small,418
CH_S3_Freestyle,small,4396
CH_SET_India,small,29548
CH_SFR_Sport,small,2512
CH_SPORT_LIFE,small,12940
CH_SQUEEZIE,medium,1807832
CH_STAR_NEWS,small,9013
CH_SV_Darmstadt_1898,small,2033
CH_SYou,small,5724
CH_SakuraSoTV,small,1291
CH_Salud_en_tu_Hogar,small,215
CH_Sandra_Official,small,2818
CH_Santos_y_Lidia_Corve,small,180
CH_Sascha_LKW_FahrnÃ¼nf,small,1014
CH_ScoopWhoop,small,4281
CH_Sebastian_Acero,small,12947
CH_Sergio_PÃ_rez_GavilÃ,small,5889
CH_Shani_Grimmond,small,13768
CH_Shay_Mitchell,medium,1921266
CH_Sheorans,small,7070
CH_Show_de_Novelas,small,2070
CH_Shutter_Authority,medium,303280
CH_SiliconValleyVoice,small,246
CH_Silvia_W_K,small,1613
CH_Simon_s_Cat,small,11065
CH_SisiuveMustDie,small,3163
CH_Skinra,small,3829
CH_SmarterEveryDay,medium,277125
CH_Smile_Settai,small,13390
CH_Smosh_Games,small,22499
CH_So_Geht_Das,small,1291
CH_SobiNews_WhotorTV,small,1092
CH_SoyLunaVideos,small,2230
CH_Soy_Luna_3_Oficial_C,small,3385
CH_Sp_N,small,3780
CH_SpaceX,medium,313856
CH_SparkofPhoenix2,small,752
CH_Sparta356,small,4200
CH_Speed_Records,large,13008380
CH_StarPro,small,14640
CH_Stefan_SchÃ_fer_Phot,small,282
CH_Stereo_Avances,small,1859
CH_Study_IQ_education,small,6156
CH_SuperCarlinBrothers,small,19856
CH_Super_kg,small,2022
CH_Surion,small,495
CH_Suro_Arsenyan,small,2692
CH_Svens_Welt,small,576
CH_Svetoy_Enot,small,1889
CH_TAKE00X,small,950
CH_TD_TV,small,347
CH_TEDx_Talks,small,4743
CH_TJ,small,13972
CH_TOPINFORM,small,1019
CH_TRT_1,medium,442857
CH_TSM,medium,1083250
CH_TV9_Entertainment,small,27661
CH_TV9_Today,medium,591749
CH_TV9_Trending,small,28715
CH_TVLibertÃ_s,small,751
CH_TV_Clips_Sendungen,small,485
CH_TV_Derana,small,32414
CH_TV_Replay,small,20764
CH_TV_Ø_Ø_Ù_Ø_Ø_Ù_Ù_Ù_Ù,small,22926
CH_TV_ì_ì_ì_ë_,small,7715
CH_TVê¹_ë_ê²½,small,2895
CH_T_Series_Apna_Punjab,medium,1491869
CH_T_Series_Bhakti_Saga,small,17601
CH_Talent_Recap,small,14757
CH_Talking_Tom,medium,413989
CH_TamilCrowd,small,6559
CH_Tanya_Burr,small,33028
CH_Tanya_StreLove,small,10629
CH_Tartofraises_nail_ar,small,342
CH_Taupe10,medium,336760
CH_Tavarish,small,38928
CH_Tayah,small,676
CH_TeamShh,small,2978
CH_TechNews_Tests,small,19173
CH_Tele_Shekinah,small,1587
CH_Televisa_Telenovelas,small,2830
CH_TellyMasala,medium,376955
CH_Tercer_Milenio_TV,small,1572
CH_Teresuch,small,7324
CH_TheAngryGrandpaShow,medium,565628
CH_TheEllenShow,medium,1655724
CH_TheGamingBeaver,small,8731
CH_TheSorryGirls,small,14065
CH_The_Best_Voices,small,6676
CH_The_King_of_Random,medium,329521
CH_The_National,small,815
CH_The_Tonight_Show_Sta,medium,1339184
CH_The_Wire,small,13146
CH_The_Youman_Show_EL_C,small,15110
CH_The_Young_Turks,small,32748
CH_Think_Music_India,medium,301908
CH_Thinknoodles,small,12510
CH_Thoisoi,small,12055
CH_Thrash94_Gaming,small,425
CH_ThreadBanger,small,17155
CH_Tig3rE,small,6969
CH_TikTak_Draw,small,30888
CH_Tokyo_ZooNet,small,3643
CH_TopZehn,small,5630
CH_Topcheapdrone,small,527
CH_Toute_une_histoire_O,small,644
CH_Trash,small,44454
CH_Troom_Troom_Es,medium,266368
CH_Troom_Troom_FR,small,25771
CH_Ufak_Tefek_Cinayetle,small,30807
CH_Unbox_Therapy,medium,1114678
CH_Unibet_France,small,1268
CH_UpUpDownDown,small,35679
CH_VEGETTA777,medium,700946
CH_VH1,small,8221
CH_VINSKY,small,38048
CH_VOLKAN,small,3787
CH_VPM_TV_AlflamMaghrib,small,6702
CH_Vanessa_Hoard,small,603
CH_Venga_La_AlegrÃ_a,small,3780
CH_Veniamin_Nikora,small,2119
CH_Verborgene_Geheimnis,small,1641
CH_Video_Star,small,10460
CH_Videoplanet,small,773
CH_Vieux_Blen_Officiel,small,746
CH_Vigamet_ì_ë_ì_ì_¼ê_L,small,17636
CH_VikatanTV,medium,540532
CH_Vip_Nachrichten,small,2946
CH_Vision_Time_Tamil,small,24492
CH_Volmog_16,small,563
CH_Vox,medium,252943
CH_Voz_BLuna,small,2644
CH_WALFADJRI_Groupe,small,4613
CH_WAXTERNOC,small,9193
CH_WEST_HAM,medium,1683270
CH_WIESENHOF,small,632
CH_WWE,medium,964605
CH_Wass_Freestyle,small,30817
CH_WatchMojo_EspaÃ_ol,small,27416
CH_Wave_Music_Bhojpuri_,medium,999230
CH_Wisecrack,small,39170
CH_WorkpointOfficial,medium,385427
CH_Wunderbar_Studios,medium,498716
CH_Wylsacom,small,33926
CH_Ximo_Pierto,small,18485
CH_XoÅ_qÉ_dÉ_m_HidayÉ_t,small,4978
CH_Yannou_JR,small,3852
CH_YearsAndYearsVEVO,medium,2103779
CH_Yes_Centre,small,9831
CH_Yoko_Nailart,small,7711
CH_Yoll,small,3372
CH_Yuliya_Small,small,899
CH_ZAMONA_UZ_tv,small,5351
CH_Zadruga_Official,small,19911
CH_Zakir_Khan,medium,862824
CH_Zany_Zap_official,small,768
CH__,small,231
CH__KBS_ì_í_ë_,small,3829
CH_adrianita_linda,small,2413
CH_always_gd,small,15796
CH_asianetnews,small,33435
CH_atv,medium,279088
CH_avex,small,6685
CH_carloschaviratv,small,6532
CH_darkavenger882,small,5917
CH_david_haney,small,7731
CH_dmc_Ø_Ø_Ø_Ù_Ø_,small,42645
CH_eNEWS24,small,3105
CH_etvteluguindia,small,25675
CH_extra_3,small,3693
CH_gymvirtual,small,3217
CH_heyitsfeiii,small,18123
CH_iTownGamePlay_Tu_can,small,13004
CH_ismail_NecdetoÄ_lu,small,11498
CH_itsubì_ì_,small,22454
CH_jenny_plasencia,small,3099
CH_johnbcrist,small,9630
CH_miniminter,medium,276482
CH_misonugoolë_ì_ë_êµ_,small,4745
CH_missalbulena,small,2151
CH_molodejjtv,small,13840
CH_momokaki_news,small,4354
CH_musubiyori,small,2749
CH_navo_tv,small,12633
CH_notiguiatv,small,6782
CH_oPix_nurizal,medium,408328
CH_oSporte_TV,small,11319
CH_only_ias,small,2503
CH_orwellx,small,6627
CH_pringles,small,31064
CH_rezo,medium,578534
CH_rosalie_vaillancourt,small,342
CH_s_you,small,1302
CH_safo81,small,774
CH_sam_zirah,small,16888
CH_sangoyacongoactu,small,2164
CH_secureteam10,small,29778
CH_smnmexico,small,275
CH_tbs_ì_ë_¼ì_ë_ì_,small,27346
CH_ttinfo,small,969
CH_vJOBivay,small,10724
CH_vlad_pergler,small,730
CH_wayfarer_Soyang_rive,small,1639
CH_windy31,small,26196
CH_womoclick,small,381
CH_wpadka_tv,medium,882589
CH_yeeeh,small,18318
CH_zaaap_,small,636
CH_zona_71,small,12244
CH_Ã_a_Zap_,small,4457
CH_Ã_ukur,medium,771227
CH_Ä_stanbullu_Gelin,medium,527508
CH_Ð_Ð_Ð_,small,5316
CH_Ð_Ð_Ð_Ð_Ð_LIKE_A,small,29658
CH_Ð_Ð_Ð_Ð_Ð_Ð_,small,5504
CH_Ð_Ð_Ð_Ð_Ð_Ð_Ð_Ð_Ð_Ð_,small,32959
CH_Ð_Ð_Ð_Ð_Ð_Ð_Ð_ÐºÐ_Ñ_,small,4963
CH_Ð_Ð_Ð_ÐµÐ_Ð_Ñ_Ð½Ð_Ñ_,small,10045
CH_Ð_Ð_Ð_Ð½Ð_Ð½Ð_Ð_Ð_Ñ_,small,9660
CH_Ð_Ð_Ð_Ñ_Ð½Ð_Ñ_Ð¾Ð_Ð_,small,10614
CH_Ð_Ð_ÐµÐºÑ_ÐµÐ¹_Ð_Ð_Ð,medium,1831204
CH_Ð_Ð_Ð¹ÐºÐ_Ð_Ð¾Ð_Ð¾Ð²,small,1382
CH_Ð_Ð_Ð¼Ð¾Ð²_Ð_Ð¼Ð_Ñ_Ñ,small,2411
CH_Ð_Ð_Ð½Ñ_Ð_Ð_Ñ_Ð_Ñ_Ñ_,small,1145
CH_Ð_Ð_Ð½Ñ_Ð_Ð¾Ñ_Ð¾Ð²,small,4368
CH_Ð_Ð_Ñ_Ð_ZÐ¾Ð_Ð_Ð½Ð_,small,2114
CH_Ð_Ð_Ñ_Ð_Ð_Ð_Ð¹_Ð_Ñ_Ð,small,28166
CH_Ð_Ð_Ñ_Ð_Ð_Ð_Ð¹_Ð_Ñ_Ñ,small,842
CH_Ð_Ð_Ñ_Ð_Ð_ÐµÑ_Ð¾Ñ_Ðº,small,2377
CH_Ð_Ð_Ñ_Ð_Ð_ÐºÐ_Ð¾Ð_Ñ_,small,14007
CH_Ð_Ð_Ñ_Ð_Ð_ÐºÐ¾Ð²Ð_Ðµ,small,9506
CH_Ð_Ð_Ñ_Ð_Ð_Ñ_Ð_Ð_Ñ_,small,10618
CH_Ð_Ð_Ñ_Ð_Ð_Ñ_Ð_Ñ_Ð_Ðº,small,3436
CH_Ð_Ð_Ñ_Ð_Ð¼_TV,small,4733
CH_Ð_Ð_Ñ_Ð_Ð½Ð_Ð_Ð_Ñ_Ð¾,small,383
CH_Ð_Ð_Ñ_Ð_Ð½ÐºÐ_Ð½Ñ_Ð_,small,368
CH_Ð_Ð_Ñ_ÐµÐ½ÐºÐ_Ð_ÐµÑ_,small,5118
CH_Ð_Ð_Ñ_Ñ_Ñ_Ð½Ð_Ð_Ñ_Ð³,small,6236
CH_Ð_Ð²ÐµÐ_Ð_Ñ_Ñ_Ð¾Ñ_Ð_,small,4030
CH_Ð_Ð³Ð¾Ñ_Ñ_Ð_Ð¾Ñ_Ñ_Ñ_,small,478
CH_Ð_ÐµÐ_Ð_Ñ_Ð½Ñ_Ð¹_Ñ_Ñ,small,14678
CH_Ð_ÐµÐ_ÐµÐºÐ_Ð½Ð_Ð_Â_,small,197
CH_Ð_ÐµÐ_ÐµÐºÐ_Ð½Ð_Ð_Ð_,medium,779116
CH_Ð_ÐµÑ_Ð²Ñ_Ð¹_ÐºÐ_Ð½Ð,small,7852
CH_Ð_Ð¹_Ð_Ð_Ðº_Ð_Ñ_Ð¾Ñ_,small,10834
CH_Ð_ÐºÑ_Ñ_ÐºÑ_Ð_Ð_Ð½Ñ_,small,4202
CH_Ð_Ð¾Ð_Ð_Ñ_Ð_ÐºÐ_Ñ_Ðµ,small,6994
CH_Ð_Ð¾Ð_Ð_Ñ_Ð¾Ð_Ð¾Ð³_Ð,small,588
CH_Ð_Ð¾Ð_Ð¾Ñ_Ð_Ñ_Ñ_Ð_Ð½,small,5681
CH_Ð_Ð¾Ð_Ñ_Ñ_Ðµ_Ñ_Ð¾Ð²Ð,small,5489
CH_Ð_Ð¾Ð¹_Ð¼Ð_Ñ_,small,3508
CH_Ð_Ð¾ÐºÑ_Ð¾Ñ_Ð_Ð_Ñ_Ð_,small,10465
CH_Ð_Ð¾Ð½ÐµÑ_Ð_Ð_Ð_Ð_Ð¾,small,1668
CH_Ð_Ð¾Ñ_Ñ_Ð_Ñ_,small,42879
CH_Ð_Ð¾Ñ_Ñ_Ð_Ñ_1,medium,433815
CH_Ð_Ð¾Ñ_Ñ_Ð_Ñ_24,small,19050
CH_Ð_Ð¾Ñ_Ñ_Ñ_Ðµ_Ð_Ñ_Ð¾Ð,small,6862
CH_Ð_Ñ_Ð_Ð_Ð_Ð_Ð²Ð_Ð_Ñ_,small,9251
CH_Ð_Ñ_Ð_Ð_Ð_Ñ_Ð_Ð_Ð_Ð¹,small,3646
CH_Ð_Ñ_Ð_Ð_Ð½Ð_Ñ_Ð½Ñ_Ð¹,small,371
CH_Ð_Ñ_Ð_Ð_Ñ_Ñ_ÐºÐ_Ðµ_Ð,small,9070
CH_Ð_Ñ_Ð_Ð²Ð¾Ð²ÐµÐ_Ð_Ð_,small,550
CH_Ð_Ñ_Ð_Ð½Ñ_Ñ_Ð¾Ñ_Ð¼Ð_,small,42656
CH_Ð_Ñ_Ð_Ð¾Ð²Ð½Ñ_Ðµ_Ð_Ñ,small,5978
CH_Ð_Ñ_Ð_Ñ_Ð¼Ð_,small,30084
CH_Ð_Ñ_Ð_Ñ_Ñ_Ð_Ð_Ð²Ñ_Ð_,small,180
CH_Ð_Ñ_Ð_Ñ_Ñ_Ñ_Ð_ÐµÑ_Ð_,small,228
CH_Ð_Ñ_ÐºÑ_Ñ_Ñ_Ñ_Ð¹_Ð_Ð,small,836
CH_Ð_Ñ_Ñ_Ð_Ð¼_Ð_Ð_Ñ_Ð¼Ð,small,21390
CH_Ð_Ñ_Ñ_Ð_Ð¾Ð_Ñ_Ð½Ñ_Ð¹,small,11337
CH_Ð_Ñ_Ñ_Ð³Ñ_Ð_Ð_Ð¾Ñ_,small,6634
CH_Ð_Ñ_Ñ_Ð¼_Ð_Ñ_Ñ_Ð¼,medium,395961
CH_Ð_Ñ_Ñ_Ð¼_Ð_Ñ_Ñ_Ð¼_Ð_,medium,327879
CH_Ð_Ñ_Ñ_Ñ_ÐºÐ_Ñ_Ð_Ð¾Ð_,small,3942
CH_Ð_Ñ_Ñ_Ñ_Ñ_Ð³Ð¾Ð²Ð¾Ñ_,medium,400168
CH_Ø_Ø_Ø_Ù_Ø_Ø_Ù_Ù_Ù_Ù_,small,11817
CH_Ø_Ø_Ù_Ø_Ù_Ø_ØµÙ_Ù_,small,2793
CH_Ø_Ù_Ø_Ø_Ø_Ø_Ù_Ù_Ù_,small,23795
CH_Ù_ØµÙ_Ø_Øª_Ù_Ù_Ø_Ù_Ø,small,6246
CH_â_KÃ_ln_50667_â_Clip,small,1924
CH_ã_ªã_ã_ã_GameWith,small,16489
CH_ã_¼ã_ã_ã_ã_,small,2008
CH_ã_½ã_ã_ã_ã_ã_³ã_ã_,small,3957
CH_ã_¾ã_ã_ã_ã_ã_ã_ª,small,870
CH_ã_ã_³ã_æµ_è_,small,250
CH_ã_ã_¹ã_ã_¼ã_ã_²ã_¼ã_,small,1485
CH_ã_ã_ã_³ã_ã_ã_¼ã_ã_ã_,small,20255
CH_ã_ã_ã_µã_³TVã_A_Rã_,small,16483
CH_ã_ã_ã_¼ã_³ã_²ã_¼ã_å_,small,2614
CH_ã_ã_ã_ã_³ã_,small,2163
CH_ã_ã_ã_ã_³å_å¼_YouTub,small,41114
CH_ã_ã_ã_ã_ã_Channel,small,4382
CH_ã_ã_ã_ã_ã_ã_¼ã_³ã_,small,1115
CH_ã_ã_ã_ã_ã_ã_ã_,small,3897
CH_ã_ã_ã_ã_ã_ã_ã_ã_¼2_h,small,28286
CH_ã_ã_ã_ã_ã_æ_ã_ã_ã_by,small,530
CH_ã_ã_ã_ã_æ_ã_ã_µã_¼ã_,small,432
CH_ã_ã_ã_ã_æ_å_ª,small,10348
CH_ã_ã_ç_ï¼_ï½_ï½_ï½_,small,263
CH_äººç_ä_ã_ã_ã_ï¼_ç_è_,small,581
CH_å_½å_è_é_,small,15620
CH_å_å_è_²ç_µå½_,small,17198
CH_æ_ªå¼_ä¼_ç_¾ã_ºã_ã_¼,small,4360
CH_æ_äº_ç_æ_,small,5804
CH_æ_è_æ_å_å_,small,13357
CH_æ_é_²å_,small,2150
CH_ç_åº_æ_è_å_ã_å_è_å_å,small,3407
CH_ç_æ_å¼_å_Koji_Seto,small,9460
CH_è_è_½Gã_ã_³,small,19524
CH_è_è_½ã_ã_ã_ã_ã_ã_¼ã_,small,1433
CH_é_ã_ã_ã_HOUSE,small,5769
CH_é_ã_ã_ã_é_,small,14143
CH_é_å_æ²_å_ã_é_ã_¹ã_ã_,small,33298
CH_ê_ê_ì_,small,4644
CH_ê²_ì_ì_ë_,medium,630713
CH_ê³_ëª½,medium,286522
CH_ê¹_ê¹_ë_ê_,small,14597
CH_ê¹_ì¹_ë_ì_TV,small,7559
CH_ë_ê_ë_ê¼_ì¹_,small,1682
CH_ë_ê³_ë¹_í_ì_ë_dingo_,small,10177
CH_ë_ê¹_ë¹_,small,2746
CH_ë_ë_TV,small,8545
CH_ë_ë_¹ì_ë_êµ_í_,small,1646
CH_ë_ë_¼ì_ë_,small,7658
CH_ë_ë_¼í_ë_DreamTeller,medium,1285793
CH_ë_ë_ë_í_DADA_Beauty,small,3887
CH_ë_ë_ë_í_ê_,small,4310
CH_ë_ë_ì_ê_TV_buzzbean1,small,8869
CH_ë_ì_ë_ë_ì_ì_í_,small,26974
CH_ë_ì_ë_ì_,small,1573
CH_ë_í_ì_,small,2046
CH_ëª_í_ë_¼ì_MOTline,small,13382
CH_ë²_ë_ì_ë_ì_ì_ë_ì_ì_,small,2622
CH_ì_ì_½ì_ì¹¼ë_¼ì_ì_TV,small,5088
CH_ì_ì_ê¾_ê_,small,2401
CH_ì_ì_ë_ë_¼ê_,small,1705
CH_ì_ì_ì_,small,10261
CH_ì_ì_ì_KOREA,small,10399
CH_ì_ì_ì_ë_TheSeoulShin,small,17494
CH_ì_ì_í_ì_,small,6967
CH_í_ê_¹ê_ë_ì_,small,4083
CH_í_ë_,small,10174
CH_í_ë_PRAN,small,4073
CH_í_ì_,small,1495
CH_ï¼_å_ã_ã_ã_ã_DIY,small,448
